file;start-date;end-date;collection;asset;item_id
https://aquainfra-fgi.a3s.fi/europe/eudem_3857/2016/eudem_2016_-1000000_5000000.tif;1.1.2016;31.12.2016;eu_dem_epsg_3857_at_aquainfra;elevation;eudem3857_2016_-1000000_5000000
https://aquainfra-fgi.a3s.fi/europe/eudem_3857/2016/eudem_2016_-1000000_6000000.tif;1.1.2016;31.12.2016;eu_dem_epsg_3857_at_aquainfra;elevation;eudem3857_2016_-1000000_6000000
https://aquainfra-fgi.a3s.fi/europe/eudem_3857/2016/eudem_2016_-1000000_7000000.tif;1.1.2016;31.12.2016;eu_dem_epsg_3857_at_aquainfra;elevation;eudem3857_2016_-1000000_7000000
https://aquainfra-fgi.a3s.fi/europe/eudem_3857/2016/eudem_2016_-1000000_8000000.tif;1.1.2016;31.12.2016;eu_dem_epsg_3857_at_aquainfra;elevation;eudem3857_2016_-1000000_8000000
https://aquainfra-fgi.a3s.fi/europe/eudem_3857/2016/eudem_2016_-1000000_9000000.tif;1.1.2016;31.12.2016;eu_dem_epsg_3857_at_aquainfra;elevation;eudem3857_2016_-1000000_9000000
https://aquainfra-fgi.a3s.fi/europe/eudem_3857/2016/eudem_2016_-2000000_10000000.tif;1.1.2016;31.12.2016;eu_dem_epsg_3857_at_aquainfra;elevation;eudem3857_2016_-2000000_10000000
https://aquainfra-fgi.a3s.fi/europe/eudem_3857/2016/eudem_2016_-2000000_11000000.tif;1.1.2016;31.12.2016;eu_dem_epsg_3857_at_aquainfra;elevation;eudem3857_2016_-2000000_11000000
https://aquainfra-fgi.a3s.fi/europe/eudem_3857/2016/eudem_2016_-2000000_4000000.tif;1.1.2016;31.12.2016;eu_dem_epsg_3857_at_aquainfra;elevation;eudem3857_2016_-2000000_4000000
https://aquainfra-fgi.a3s.fi/europe/eudem_3857/2016/eudem_2016_-2000000_5000000.tif;1.1.2016;31.12.2016;eu_dem_epsg_3857_at_aquainfra;elevation;eudem3857_2016_-2000000_5000000
https://aquainfra-fgi.a3s.fi/europe/eudem_3857/2016/eudem_2016_-2000000_6000000.tif;1.1.2016;31.12.2016;eu_dem_epsg_3857_at_aquainfra;elevation;eudem3857_2016_-2000000_6000000
https://aquainfra-fgi.a3s.fi/europe/eudem_3857/2016/eudem_2016_-2000000_7000000.tif;1.1.2016;31.12.2016;eu_dem_epsg_3857_at_aquainfra;elevation;eudem3857_2016_-2000000_7000000
https://aquainfra-fgi.a3s.fi/europe/eudem_3857/2016/eudem_2016_-2000000_8000000.tif;1.1.2016;31.12.2016;eu_dem_epsg_3857_at_aquainfra;elevation;eudem3857_2016_-2000000_8000000
https://aquainfra-fgi.a3s.fi/europe/eudem_3857/2016/eudem_2016_-3000000_10000000.tif;1.1.2016;31.12.2016;eu_dem_epsg_3857_at_aquainfra;elevation;eudem3857_2016_-3000000_10000000
https://aquainfra-fgi.a3s.fi/europe/eudem_3857/2016/eudem_2016_-3000000_11000000.tif;1.1.2016;31.12.2016;eu_dem_epsg_3857_at_aquainfra;elevation;eudem3857_2016_-3000000_11000000
https://aquainfra-fgi.a3s.fi/europe/eudem_3857/2016/eudem_2016_-3000000_4000000.tif;1.1.2016;31.12.2016;eu_dem_epsg_3857_at_aquainfra;elevation;eudem3857_2016_-3000000_4000000
https://aquainfra-fgi.a3s.fi/europe/eudem_3857/2016/eudem_2016_-3000000_5000000.tif;1.1.2016;31.12.2016;eu_dem_epsg_3857_at_aquainfra;elevation;eudem3857_2016_-3000000_5000000
https://aquainfra-fgi.a3s.fi/europe/eudem_3857/2016/eudem_2016_0_10000000.tif;1.1.2016;31.12.2016;eu_dem_epsg_3857_at_aquainfra;elevation;eudem3857_2016_0_10000000
https://aquainfra-fgi.a3s.fi/europe/eudem_3857/2016/eudem_2016_0_5000000.tif;1.1.2016;31.12.2016;eu_dem_epsg_3857_at_aquainfra;elevation;eudem3857_2016_0_5000000
https://aquainfra-fgi.a3s.fi/europe/eudem_3857/2016/eudem_2016_0_6000000.tif;1.1.2016;31.12.2016;eu_dem_epsg_3857_at_aquainfra;elevation;eudem3857_2016_0_6000000
https://aquainfra-fgi.a3s.fi/europe/eudem_3857/2016/eudem_2016_0_7000000.tif;1.1.2016;31.12.2016;eu_dem_epsg_3857_at_aquainfra;elevation;eudem3857_2016_0_7000000
https://aquainfra-fgi.a3s.fi/europe/eudem_3857/2016/eudem_2016_0_8000000.tif;1.1.2016;31.12.2016;eu_dem_epsg_3857_at_aquainfra;elevation;eudem3857_2016_0_8000000
https://aquainfra-fgi.a3s.fi/europe/eudem_3857/2016/eudem_2016_0_9000000.tif;1.1.2016;31.12.2016;eu_dem_epsg_3857_at_aquainfra;elevation;eudem3857_2016_0_9000000
https://aquainfra-fgi.a3s.fi/europe/eudem_3857/2016/eudem_2016_1000000_10000000.tif;1.1.2016;31.12.2016;eu_dem_epsg_3857_at_aquainfra;elevation;eudem3857_2016_1000000_10000000
https://aquainfra-fgi.a3s.fi/europe/eudem_3857/2016/eudem_2016_1000000_11000000.tif;1.1.2016;31.12.2016;eu_dem_epsg_3857_at_aquainfra;elevation;eudem3857_2016_1000000_11000000
https://aquainfra-fgi.a3s.fi/europe/eudem_3857/2016/eudem_2016_1000000_5000000.tif;1.1.2016;31.12.2016;eu_dem_epsg_3857_at_aquainfra;elevation;eudem3857_2016_1000000_5000000
https://aquainfra-fgi.a3s.fi/europe/eudem_3857/2016/eudem_2016_1000000_6000000.tif;1.1.2016;31.12.2016;eu_dem_epsg_3857_at_aquainfra;elevation;eudem3857_2016_1000000_6000000
https://aquainfra-fgi.a3s.fi/europe/eudem_3857/2016/eudem_2016_1000000_7000000.tif;1.1.2016;31.12.2016;eu_dem_epsg_3857_at_aquainfra;elevation;eudem3857_2016_1000000_7000000
https://aquainfra-fgi.a3s.fi/europe/eudem_3857/2016/eudem_2016_1000000_8000000.tif;1.1.2016;31.12.2016;eu_dem_epsg_3857_at_aquainfra;elevation;eudem3857_2016_1000000_8000000
https://aquainfra-fgi.a3s.fi/europe/eudem_3857/2016/eudem_2016_1000000_9000000.tif;1.1.2016;31.12.2016;eu_dem_epsg_3857_at_aquainfra;elevation;eudem3857_2016_1000000_9000000
https://aquainfra-fgi.a3s.fi/europe/eudem_3857/2016/eudem_2016_2000000_10000000.tif;1.1.2016;31.12.2016;eu_dem_epsg_3857_at_aquainfra;elevation;eudem3857_2016_2000000_10000000
https://aquainfra-fgi.a3s.fi/europe/eudem_3857/2016/eudem_2016_2000000_11000000.tif;1.1.2016;31.12.2016;eu_dem_epsg_3857_at_aquainfra;elevation;eudem3857_2016_2000000_11000000
https://aquainfra-fgi.a3s.fi/europe/eudem_3857/2016/eudem_2016_2000000_12000000.tif;1.1.2016;31.12.2016;eu_dem_epsg_3857_at_aquainfra;elevation;eudem3857_2016_2000000_12000000
https://aquainfra-fgi.a3s.fi/europe/eudem_3857/2016/eudem_2016_2000000_5000000.tif;1.1.2016;31.12.2016;eu_dem_epsg_3857_at_aquainfra;elevation;eudem3857_2016_2000000_5000000
https://aquainfra-fgi.a3s.fi/europe/eudem_3857/2016/eudem_2016_2000000_6000000.tif;1.1.2016;31.12.2016;eu_dem_epsg_3857_at_aquainfra;elevation;eudem3857_2016_2000000_6000000
https://aquainfra-fgi.a3s.fi/europe/eudem_3857/2016/eudem_2016_2000000_7000000.tif;1.1.2016;31.12.2016;eu_dem_epsg_3857_at_aquainfra;elevation;eudem3857_2016_2000000_7000000
https://aquainfra-fgi.a3s.fi/europe/eudem_3857/2016/eudem_2016_2000000_8000000.tif;1.1.2016;31.12.2016;eu_dem_epsg_3857_at_aquainfra;elevation;eudem3857_2016_2000000_8000000
https://aquainfra-fgi.a3s.fi/europe/eudem_3857/2016/eudem_2016_2000000_9000000.tif;1.1.2016;31.12.2016;eu_dem_epsg_3857_at_aquainfra;elevation;eudem3857_2016_2000000_9000000
https://aquainfra-fgi.a3s.fi/europe/eudem_3857/2016/eudem_2016_3000000_10000000.tif;1.1.2016;31.12.2016;eu_dem_epsg_3857_at_aquainfra;elevation;eudem3857_2016_3000000_10000000
https://aquainfra-fgi.a3s.fi/europe/eudem_3857/2016/eudem_2016_3000000_11000000.tif;1.1.2016;31.12.2016;eu_dem_epsg_3857_at_aquainfra;elevation;eudem3857_2016_3000000_11000000
https://aquainfra-fgi.a3s.fi/europe/eudem_3857/2016/eudem_2016_3000000_12000000.tif;1.1.2016;31.12.2016;eu_dem_epsg_3857_at_aquainfra;elevation;eudem3857_2016_3000000_12000000
https://aquainfra-fgi.a3s.fi/europe/eudem_3857/2016/eudem_2016_3000000_5000000.tif;1.1.2016;31.12.2016;eu_dem_epsg_3857_at_aquainfra;elevation;eudem3857_2016_3000000_5000000
https://aquainfra-fgi.a3s.fi/europe/eudem_3857/2016/eudem_2016_3000000_6000000.tif;1.1.2016;31.12.2016;eu_dem_epsg_3857_at_aquainfra;elevation;eudem3857_2016_3000000_6000000
https://aquainfra-fgi.a3s.fi/europe/eudem_3857/2016/eudem_2016_3000000_7000000.tif;1.1.2016;31.12.2016;eu_dem_epsg_3857_at_aquainfra;elevation;eudem3857_2016_3000000_7000000
https://aquainfra-fgi.a3s.fi/europe/eudem_3857/2016/eudem_2016_3000000_8000000.tif;1.1.2016;31.12.2016;eu_dem_epsg_3857_at_aquainfra;elevation;eudem3857_2016_3000000_8000000
https://aquainfra-fgi.a3s.fi/europe/eudem_3857/2016/eudem_2016_3000000_9000000.tif;1.1.2016;31.12.2016;eu_dem_epsg_3857_at_aquainfra;elevation;eudem3857_2016_3000000_9000000
https://aquainfra-fgi.a3s.fi/europe/eudem_3857/2016/eudem_2016_4000000_5000000.tif;1.1.2016;31.12.2016;eu_dem_epsg_3857_at_aquainfra;elevation;eudem3857_2016_4000000_5000000
https://aquainfra-fgi.a3s.fi/europe/eudem_3857/2016/eudem_2016_4000000_6000000.tif;1.1.2016;31.12.2016;eu_dem_epsg_3857_at_aquainfra;elevation;eudem3857_2016_4000000_6000000
